title,price,cat
دفتر مشق مدل ایفل بسته 5 عددی,"۹۰,۰۱۰",متفرقه / دفتر متفرقه
title,price,cat
بیسکویت گندم کامل ساقه طلایی مینو - 200 گرم,"۲۰,۰۰۰",مینو / بیسکویت و ویفر مینو




title,price,cat
ساعت هوشمند مدل ULTRA,"۳۲۷,۰۰۰",متفرقه / ساعت هوشمند متفرقه


title,price,cat
دستیگیره شیشه بالابر سهیل یدک مدل S-01 مناسب برای پراید مجموعه 2 عددی,"۴۷,۰۰۰",سهیل یدک / سایر لوازم خودرو سهیل یدک








title,price,cat
رینگ لایت مدل عروسکی کد C3,"۱۵۹,۰۰۰",متفرقه / قطعات جانبی موبایل و تبلت متفرقه




title,price,cat
سه پایه دوربین مدل LW215,"۲۵۵,۰۰۰",متفرقه / سه پایه و تک پایه متفرقه
